Feature,Importance
complaint_rate,0.14355048288552077
U_score,0.10134558697475363
claim_rejection_rate,0.08268944917516344
avg_resolution_time,0.07955733301390772
H_score,0.0793833472083472
E_score,0.07666938480390863
loss_ratio,0.06927082465594371
rejection_rate,0.06436144861531767
cost_per_visit,0.06189178484454458
chronic_count,0.0583548575182233
cost_per_utilizer,0.0560279727877942
high_cost_count,0.04995988133339324
visit_count,0.0419858139875997
IVI_Score,0.034951832195582205
